model_family,fourier_mode,regime,seed,test_auc,test_acc,test_f1,test_precision,test_recall,test_specificity,test_d_auc,test_d_acc,test_d_f1,test_d_precision,test_d_recall,test_d_specificity,delta_auc,delta_acc
clip,complex,finetune,7,0.530877496881,0.573496677604,0.728928477862,0.57350079701,0.999923331257,0.000115976392361,0.51982503147,0.573485685392,0.728930960407,0.573491260855,0.999961665628,3.86587974537e-05,-0.0110524654115,-1.09922120178e-05
clip,complex,finetune,42,0.590820956696,0.573491181498,0.728935400264,0.57349360507,0.999971249221,3.86587974537e-05,0.561651912651,0.573496677604,0.728941733703,0.573495141362,0.999990416407,2.57725316358e-05,-0.0291690440455,5.49610600886e-06
clip,complex,finetune,123,0.5,0.573491181498,0.728941081134,0.573491181498,1,0,0.5,0.573491181498,0.728941081134,0.573491181498,1,0,0,0
clip,complex,finetune,2024,0.5,0.573491181498,0.728941081134,0.573491181498,1,0,0.5,0.573491181498,0.728941081134,0.573491181498,1,0,0,0
clip,complex,finetune,2025,0.51374901283,0.573491181498,0.728941081134,0.573491181498,1,0,0.517135149848,0.573491181498,0.728941081134,0.573491181498,1,0,0.0033861370176,0
clip,concat,finetune,7,0.897044919905,0.821123733835,0.832301081031,0.900088042885,0.774009296085,0.884474626943,0.715677589996,0.675790202641,0.72708093328,0.702851622598,0.753040394844,0.57191824953,-0.181367329909,-0.145333531193
clip,concat,finetune,42,0.890505042996,0.81238492528,0.824682861692,0.888474520002,0.769437922277,0.870132213087,0.72805586778,0.676378285984,0.714575173537,0.722964953752,0.706377881068,0.636040308239,-0.162449175216,-0.136006639296
clip,concat,finetune,123,0.897315644795,0.820112450329,0.829520595037,0.908560866241,0.763131918156,0.896729465735,0.735960787339,0.686634019797,0.730397858919,0.720880741481,0.740169629594,0.614649106982,-0.161354857456,-0.133478430532
clip,concat,finetune,2024,0.888482214735,0.803986875299,0.809674251804,0.913546646756,0.727011356558,0.907489497693,0.738257220805,0.682385529852,0.71238235543,0.741027977386,0.685868992285,0.677701605629,-0.150224993929,-0.121601345447
clip,concat,finetune,2025,0.896964868154,0.817925000137,0.826750899506,0.909900887523,0.757525516316,0.899139197443,0.711802706784,0.667897794413,0.716571369604,0.701749228282,0.732033159231,0.581660266488,-0.18516216137,-0.150027205725
clip,concat_frequency,finetune,7,0.786630661118,0.711426954003,0.734174779892,0.77819516593,0.694867986008,0.733692430607,0.643775456048,0.630392367008,0.690540285581,0.664190995521,0.719066558053,0.511159506198,-0.14285520507,-0.0810345869951
clip,concat_frequency,finetune,42,0.778585740298,0.705315284121,0.724074579167,0.781909927533,0.674205759739,0.747145692121,0.644893021079,0.623461777331,0.683474709394,0.659836394615,0.708869615219,0.508620911832,-0.133692719219,-0.0818535067904
clip,concat_frequency,finetune,123,0.768301098179,0.695317867291,0.718358803447,0.764410133316,0.677540850065,0.719221154094,0.65103427606,0.622153704101,0.682336959033,0.658811667395,0.707604580957,0.507254967655,-0.117266822118,-0.0731641631904
clip,concat_frequency,finetune,2024,0.776486257311,0.703759886121,0.723493320748,0.778433991632,0.675796636159,0.741359758769,0.657367970123,0.627072718979,0.683673421817,0.665634815447,0.702716948584,0.52536017113,-0.119118287188,-0.0766871671421
clip,concat_frequency,finetune,2025,0.784273437933,0.712520679099,0.734775421623,0.780174223907,0.694369639178,0.736926883328,0.655198676783,0.629606423849,0.686140089419,0.667397508494,0.705965786573,0.526932295559,-0.12907476115,-0.0829142552502
clip,frequency_3,finetune,7,0.729987810663,0.667359176024,0.728153900744,0.685228079667,0.776817288802,0.520179892271,0.527446636636,0.528769366904,0.571564203657,0.597132893418,0.548095260913,0.502783433417,-0.202541174027,-0.13858980912
clip,frequency_3,finetune,42,0.736641334014,0.674240300747,0.728564166678,0.697665239966,0.762326896353,0.555797530991,0.541610142761,0.541404914618,0.609819967267,0.595452262454,0.624898174326,0.429138424267,-0.195031191253,-0.132835386129
clip,frequency_3,finetune,123,0.736354065379,0.674163355263,0.740659407959,0.681322130475,0.811318223202,0.489742532409,0.531766260764,0.531138188593,0.591878522289,0.590928630793,0.592831472519,0.448184325146,-0.204587804615,-0.143025166669
clip,frequency_3,finetune,2024,0.722070076527,0.667820848929,0.717221954495,0.700689289502,0.734553644161,0.578090770856,0.538078564082,0.523828367602,0.543626211547,0.603555763495,0.494522976664,0.563232906368,-0.183991512445,-0.143992481327
clip,frequency_3,finetune,2025,0.733020717407,0.673091614591,0.728431587406,0.695611227862,0.764502371939,0.550179119095,0.525159789604,0.529456380155,0.593124162382,0.58829296805,0.598035363458,0.437243885467,-0.207860927803,-0.143635234436
clip,magnitude,finetune,7,0.734326555974,0.676257371652,0.728643030884,0.70155331021,0.757908860032,0.566467359089,0.525740019703,0.53665078292,0.604949321237,0.591877716444,0.61861133739,0.426445194711,-0.208586536272,-0.139606588732
clip,magnitude,finetune,42,0.731112092249,0.675114181602,0.732478887773,0.693938276581,0.77555225454,0.540063400428,0.530458623466,0.5490719825,0.633650810661,0.593221189218,0.679994249844,0.373031622896,-0.200653468782,-0.126042199102
clip,magnitude,finetune,123,0.734234619393,0.669684028866,0.730734767025,0.686130158597,0.781542000096,0.519277853664,0.536053310963,0.546312937284,0.632668953947,0.590541303914,0.681268867699,0.364848844102,-0.19818130843,-0.123371091582
clip,magnitude,finetune,2024,0.733858201497,0.671200954124,0.726145789464,0.69508443829,0.760113086396,0.551648153398,0.531051184899,0.544889445828,0.62819246381,0.590983973574,0.670401073362,0.376124326693,-0.202807016598,-0.126311508296
clip,magnitude,finetune,2025,0.734316287839,0.67352031086,0.731550357469,0.69217415101,0.775676841248,0.536158861885,0.526721697767,0.543218629601,0.624171331928,0.59090870172,0.66140207964,0.384307105487,-0.207594590072,-0.130301681259
clip,none,finetune,7,0.924122685221,0.840068811247,0.847144230416,0.937354691714,0.772773012602,0.930555913507,0.75588763272,0.685446860899,0.724824986537,0.727293779369,0.722372897599,0.635795469189,-0.168235052501,-0.154621950348
clip,none,finetune,42,0.917228470643,0.833478980143,0.842066305254,0.92314989428,0.774076381235,0.91335274864,0.737048063193,0.684078330503,0.722148909739,0.728533530995,0.715875221621,0.641323677225,-0.18018040745,-0.14940064964
clip,none,finetune,123,0.920994778066,0.831093670135,0.836597971033,0.9395803227,0.753960419761,0.934808381227,0.743795570886,0.676741028981,0.707091633466,0.736011611632,0.680358426374,0.671877013479,-0.17719920718,-0.154352641154
clip,none,finetune,2024,0.913692066206,0.830170324325,0.838240221124,0.923660863646,0.767281613877,0.914731579083,0.744733861031,0.677235678522,0.707845380827,0.73596441318,0.681795965307,0.67110383753,-0.168958205175,-0.152934645803
clip,none,finetune,2025,0.921291371259,0.847367640027,0.859771461465,0.908630037568,0.815899180603,0.889680678333,0.762873702434,0.683721083612,0.739879219629,0.700195922418,0.784330825627,0.548439473209,-0.158417668825,-0.163646556415
clip,phase,finetune,7,0.640205776036,0.603422974822,0.634941514551,0.672482343989,0.601370453783,0.606182830339,0.502614517498,0.539876997148,0.641887961125,0.579683383424,0.719047390867,0.298961366975,-0.137591258538,-0.0635459776748
clip,phase,finetune,42,0.624890523456,0.57878942769,0.574072427361,0.683278870705,0.494963821937,0.69150279632,0.499755612762,0.525598113736,0.615587423176,0.574998960023,0.662341271743,0.341730883225,-0.125134910694,-0.0531913139541
clip,phase,finetune,123,0.629390855279,0.59458523636,0.648394600366,0.645006496154,0.651818486751,0.517628411639,0.497562714629,0.546060116408,0.664347515108,0.576741790265,0.783334131966,0.227017344914,-0.13182814065,-0.0485251199525
clip,phase,finetune,2024,0.612317721102,0.578981791401,0.610462189361,0.650271921652,0.575245579568,0.584005566867,0.499720721171,0.534122574156,0.640059109033,0.574646212029,0.72227706167,0.281126775083,-0.112596999932,-0.0448592172446
clip,phase,finetune,2025,0.625797988016,0.583757907523,0.591532279812,0.676469499784,0.525545066846,0.662031906394,0.497117823974,0.533463041435,0.6365399684,0.575308431758,0.71235804303,0.292917708306,-0.128680164042,-0.0502948660874
dino,complex,finetune,7,0.497149574488,0.573491181498,0.728941081134,0.573491181498,1,0,0.488440543543,0.573491181498,0.728941081134,0.573491181498,1,0,-0.00870903094467,0
dino,complex,finetune,42,0.5,0.573491181498,0.728941081134,0.573491181498,1,0,0.5,0.573491181498,0.728941081134,0.573491181498,1,0,0,0
dino,complex,finetune,123,0.5,0.573491181498,0.728941081134,0.573491181498,1,0,0.499940584243,0.572930578685,0.727993839045,0.573462015718,0.996530739374,0.00335042911265,-5.94157565785e-05,-0.000560602812907
dino,complex,finetune,2024,0.500115003115,0.573491181498,0.728941081134,0.573491181498,1,0,0.5,0.573491181498,0.728941081134,0.573491181498,1,0,-0.000115003114668,0
dino,complex,finetune,2025,0.5,0.573491181498,0.728941081134,0.573491181498,1,0,0.5,0.573491181498,0.728941081134,0.573491181498,1,0,0,0
dino,concat,finetune,7,0.924502237278,0.86386145416,0.873300528895,0.936472240201,0.81811299056,0.925375634649,0.686205802496,0.638334240191,0.681070916211,0.688957963582,0.673362403565,0.591234761991,-0.238296434782,-0.225527213969
dino,concat,finetune,42,0.917016516732,0.858085046744,0.865890711915,0.945187772134,0.798869136039,0.937707791036,0.671648407703,0.62446756473,0.657644341339,0.689102631413,0.628932866932,0.618463441664,-0.24536810903,-0.233617482014
dino,concat,finetune,123,0.913154381161,0.828136765102,0.835911590613,0.923755842409,0.763323590014,0.915285688513,0.690145613927,0.637416390487,0.665408862448,0.706703007843,0.628674109924,0.649171413108,-0.223008767234,-0.190720374615
dino,concat,finetune,2024,0.906672252555,0.849148378374,0.85588873079,0.946499907098,0.781110738416,0.940632973377,0.673914234728,0.638949804064,0.673001682479,0.700172969166,0.647860462888,0.626968377104,-0.232758017828,-0.21019857431
dino,concat,finetune,2025,0.921660833758,0.85656262538,0.867501320011,0.922395085454,0.81877425847,0.907373521301,0.69488286125,0.652695565192,0.691243654202,0.705117725632,0.677905026594,0.618798484575,-0.226777972508,-0.203867060188
dino,concat_frequency,finetune,7,0.864030502498,0.790763244241,0.814994800222,0.826693482397,0.803622598112,0.773472333187,0.682108348669,0.675955085822,0.73734012269,0.688913123106,0.793090229527,0.518453132651,-0.181922153829,-0.11480815842
dino,concat_frequency,finetune,42,0.854406349024,0.786751086855,0.802644964395,0.855238198472,0.75614547894,0.827903920002,0.676880988598,0.666842542059,0.738693922242,0.67130500188,0.821122238727,0.459395376408,-0.177525360426,-0.119908544796
dino,concat_frequency,finetune,123,0.861469952328,0.778748756506,0.790725722603,0.864079986366,0.728851406392,0.845841602021,0.679668101908,0.650854369679,0.703119012235,0.686162013262,0.720935358666,0.556622252004,-0.18180185042,-0.127894386827
dino,concat_frequency,finetune,2024,0.850505646289,0.762733103596,0.774757382865,0.850312088416,0.711533854042,0.83157650576,0.672497103196,0.649222026194,0.714050816095,0.670472520446,0.763687766544,0.495309399242,-0.178008543093,-0.113511077402
dino,concat_frequency,finetune,2025,0.871276757583,0.793362902384,0.807557059278,0.866658610006,0.756001725047,0.843599391768,0.698868058901,0.671580185439,0.744112949157,0.672593980306,0.832651300973,0.455001159764,-0.172408698683,-0.121782716945
dino,frequency_3,finetune,7,0.744875926971,0.691673949007,0.721917366843,0.747694835199,0.697858066989,0.683358676323,0.535128620339,0.529643247759,0.596587159423,0.587040215223,0.606449758014,0.426367877117,-0.209747306632,-0.162030701248
dino,frequency_3,finetune,42,0.749152162994,0.663704265528,0.740588115588,0.664061371429,0.837050170109,0.430620344836,0.534888111145,0.542976800937,0.620976343498,0.59209874397,0.652815180411,0.395286203964,-0.214264051849,-0.120727464591
dino,frequency_3,finetune,123,0.777842193004,0.688030030723,0.76157632985,0.677910967867,0.86880061335,0.444962758692,0.547224975105,0.549110455242,0.643257205476,0.588788320238,0.708831280847,0.334347052911,-0.230617217899,-0.138919575481
dino,frequency_3,finetune,2024,0.761866912176,0.679835336664,0.744879234458,0.685869828212,0.814998322871,0.498092832659,0.530236470826,0.545642412351,0.64238098328,0.585459706671,0.711562604821,0.322543233422,-0.23163044135,-0.134192924313
dino,frequency_3,finetune,2025,0.78186580888,0.68711218102,0.758933751138,0.679864957135,0.85881450956,0.456238241282,0.53797717043,0.541569797798,0.643543961914,0.580734730396,0.721587042982,0.299515476405,-0.243888638451,-0.145542383221
dino,magnitude,finetune,7,0.761236827498,0.683913447323,0.748635241155,0.688163921254,0.820758062198,0.499909796139,0.541338207973,0.546807586825,0.632902826564,0.590992234398,0.681211366141,0.36608592562,-0.219898619525,-0.137105860498
dino,magnitude,finetune,42,0.762477464858,0.686018455924,0.75000218805,0.69013199752,0.821246825435,0.504188036391,0.535732232444,0.550825240317,0.65492577142,0.585360515054,0.743255546504,0.292080101028,-0.226745232414,-0.135193215607
dino,magnitude,finetune,123,0.76592807365,0.678851533688,0.746011875266,0.682610390334,0.822396856582,0.485837993866,0.538197398003,0.5449553991,0.640291958118,0.585638784025,0.706195792803,0.328148759053,-0.227730675646,-0.133896134589
dino,magnitude,finetune,2024,0.757960285488,0.66240718451,0.745274490126,0.65688302764,0.861152906225,0.395170227571,0.536637275171,0.542201849989,0.645394750846,0.580620451934,0.726436340984,0.29447694647,-0.221323010318,-0.12020533452
dino,magnitude,finetune,2025,0.759289186452,0.677713839745,0.741157307884,0.687016154111,0.804561790215,0.507151877529,0.53045329236,0.5452302044,0.650370570687,0.581625943756,0.737543725143,0.286642096853,-0.228835894092,-0.132483635344
dino,none,finetune,7,0.944841070452,0.881124723134,0.89072123279,0.941953408848,0.844774545977,0.930001804077,0.722022102495,0.67741705002,0.720375037518,0.716249502624,0.724548373185,0.614043452488,-0.222818967957,-0.203707673114
dino,none,finetune,42,0.927555336601,0.879992525296,0.887535990028,0.959379106073,0.825703196128,0.952990902296,0.703746501203,0.66488592832,0.695017581769,0.726893218105,0.665820115961,0.663629803356,-0.223808835398,-0.215106596976
dino,none,finetune,123,0.935705358753,0.866092873199,0.873684428822,0.951681218022,0.807503953232,0.944872554831,0.728556944567,0.659027079314,0.66670248258,0.758619424883,0.594652355168,0.745586453957,-0.207148414187,-0.207065793885
dino,none,finetune,2024,0.934391379899,0.885801909347,0.896379413525,0.93445282038,0.861287076525,0.918764980284,0.717184297531,0.679313206593,0.719626347858,0.721644516832,0.717619435526,0.627805984382,-0.217207082368,-0.206488702754
dino,none,finetune,2025,0.936505810313,0.868549632585,0.876141253968,0.953095071771,0.810685706071,0.9463544754,0.702197141234,0.659428295053,0.687762650032,0.725149554259,0.654041880301,0.666670962089,-0.234308669079,-0.209121337532
dino,phase,finetune,7,0.717781383822,0.651909622033,0.727311868698,0.660308178215,0.809449422589,0.440078863947,0.539341136127,0.564609474188,0.688517886492,0.583767277188,0.839081891801,0.195549083787,-0.178440247694,-0.0873001478453
dino,phase,finetune,42,0.712619353333,0.656674745942,0.723490901365,0.672241050276,0.783199961666,0.486546738486,0.540521959886,0.559619009931,0.664887788475,0.589861751152,0.761780631559,0.287788974511,-0.172097393447,-0.097055736011
dino,phase,finetune,123,0.70569924958,0.647738077572,0.727714549108,0.653582002991,0.820815563755,0.415015076931,0.518291036283,0.559498095599,0.687261489476,0.579630495021,0.843979107768,0.176979974743,-0.187408213297,-0.0882399819728
dino,phase,finetune,2024,0.705452138746,0.646105734087,0.71747867598,0.661673424134,0.783564138195,0.461276771217,0.531553248363,0.557068816743,0.676147688549,0.582195525352,0.806258086157,0.222004587511,-0.173898890383,-0.0890369173441
dino,phase,finetune,2025,0.722323313294,0.657103442211,0.737177785922,0.65768664121,0.838526043414,0.413159454653,0.536531328009,0.566994784195,0.694682994885,0.583154949738,0.858958263453,0.174415607845,-0.185791985285,-0.0901086580158
mobilenet,complex,finetune,7,0.691013164406,0.622983616108,0.601330892395,0.76393975192,0.495797594518,0.794000154635,0.538499833395,0.527213968903,0.536304537663,0.612869445232,0.476745411855,0.595074869204,-0.152513331011,-0.095769647205
mobilenet,complex,finetune,42,0.690569257711,0.616723551364,0.583177927605,0.774853476072,0.467525995496,0.817337182031,0.534012656937,0.522179535799,0.530709188466,0.607571469181,0.471110259236,0.590848174016,-0.156556600774,-0.094544015565
mobilenet,complex,finetune,123,0.680723516471,0.616360808367,0.599175404546,0.747439148436,0.499995208204,0.772828019896,0.530443403051,0.522421364463,0.530368704939,0.608148138967,0.47022856869,0.592600706167,-0.15028011342,-0.093939443904
mobilenet,complex,finetune,2024,0.687286049163,0.614244807554,0.58400061641,0.765308975673,0.472145287268,0.805314296023,0.533967907158,0.517579295069,0.516244592025,0.607457846952,0.448847572955,0.609997165022,-0.153318142005,-0.0966655124844
mobilenet,complex,finetune,2025,0.686222310427,0.612007892408,0.572903054063,0.776906289484,0.453754372514,0.82479832994,0.531811408017,0.517870588688,0.518888620758,0.606575454884,0.453351861613,0.604623592175,-0.15441090241,-0.0941373037203
mobilenet,concat,finetune,7,0.798010128754,0.70928347266,0.707725291059,0.835695270905,0.613742872203,0.837749027087,0.630783151249,0.588825317263,0.583605133971,0.696047583011,0.50243902439,0.704981830365,-0.167226977505,-0.120458155397
mobilenet,concat,finetune,42,0.804098084834,0.714196991432,0.7087773926,0.852646329632,0.606449758014,0.859075797016,0.628347858497,0.588517535326,0.583988086639,0.694899564936,0.503608222723,0.70268807505,-0.175750226336,-0.125679456105
mobilenet,concat,finetune,123,0.799822110933,0.724930886467,0.730196551984,0.834534767661,0.649048828406,0.826963222597,0.631069537624,0.59962516557,0.612975034932,0.687760795441,0.552858306579,0.662508698229,-0.168752573309,-0.125305720897
mobilenet,concat,finetune,2024,0.814399169245,0.724683561697,0.722990571515,0.854634592757,0.626489050745,0.856717610371,0.632100645931,0.596739709916,0.600069769217,0.695741749561,0.527528870574,0.689801809232,-0.182298523314,-0.127943851781
mobilenet,concat,finetune,2025,0.807953369425,0.718901658175,0.71397173552,0.85721000188,0.611749484882,0.862980335558,0.625864540154,0.596519865675,0.605354262982,0.689366391185,0.539594614021,0.673062549934,-0.182088829271,-0.1223817925
mobilenet,concat_frequency,finetune,7,0.709247349219,0.633673542295,0.613978594264,0.775860302405,0.507987924673,0.802672611531,0.602890453456,0.562411031784,0.566572669766,0.655811667444,0.498711006756,0.648063194248,-0.106356895763,-0.0712625105113
mobilenet,concat_frequency,finetune,42,0.709031886335,0.640670085245,0.633954615949,0.762347840138,0.542575111409,0.77257029458,0.607340785283,0.571248770246,0.591288220131,0.652184968159,0.540792563132,0.612200716476,-0.101691101052,-0.0694213149983
mobilenet,concat_frequency,finetune,123,0.710178478715,0.641258168588,0.638109600585,0.756994961786,0.551497436389,0.761952011546,0.604315567569,0.567104706316,0.58358974359,0.65082247509,0.528947242321,0.618411896601,-0.105862911146,-0.074153462272
mobilenet,concat_frequency,finetune,2024,0.707953746522,0.643555540899,0.646660782583,0.749308720849,0.568747903589,0.744143192186,0.602354785545,0.569127273327,0.594021874223,0.64617672574,0.549657386554,0.595306821989,-0.105598960977,-0.0744282675724
mobilenet,concat_frequency,finetune,2025,0.705705935878,0.637608754198,0.632828074708,0.755266970611,0.544549331544,0.762738073761,0.599103366103,0.567159667376,0.588747663161,0.646816518077,0.540246298337,0.603347851859,-0.106602569775,-0.070449086822
mobilenet,frequency_3,finetune,7,0.715454594491,0.650046442096,0.647960678723,0.765746693848,0.561579376108,0.769000798948,0.54834967837,0.518332261593,0.469407277351,0.637336621455,0.371517561934,0.715741862323,-0.167104916121,-0.131714180503
mobilenet,frequency_3,finetune,42,0.706941082018,0.648045859509,0.65632664452,0.745822457493,0.586007954382,0.731463106621,0.536599356551,0.516199772461,0.488951847938,0.620167596943,0.403565096555,0.667650318291,-0.170341725467,-0.131846087047
mobilenet,frequency_3,finetune,123,0.708781294374,0.648194254371,0.65203635652,0.753325545465,0.57475681633,0.746939511868,0.544106021709,0.517348458617,0.476254092837,0.630499320974,0.382644113278,0.698474266127,-0.164675272665,-0.130845795754
mobilenet,frequency_3,finetune,2024,0.724089031437,0.658158694565,0.663087931791,0.762558556763,0.586573386363,0.754413546043,0.558615108845,0.536414450362,0.529717433484,0.633293783578,0.455258996598,0.645537486147,-0.165473922593,-0.121744244203
mobilenet,frequency_3,finetune,2025,0.708468487542,0.650431169516,0.661601570605,0.743648933116,0.595859887872,0.723808664725,0.538094058413,0.525773989129,0.537822057957,0.609666646427,0.481125113805,0.585809644081,-0.170374429129,-0.124657180388
mobilenet,magnitude,finetune,7,0.713437035094,0.658070756869,0.675146597323,0.741676800587,0.619569696679,0.709839952579,0.538194232659,0.522872045156,0.52737369338,0.610499779416,0.464171737985,0.601801499961,-0.175242802435,-0.135198711713
mobilenet,magnitude,finetune,42,0.720046718898,0.659367837887,0.670210558243,0.753445635528,0.603536345776,0.734439834025,0.546006841133,0.524790186153,0.515083704888,0.620889670092,0.440088169055,0.638681992732,-0.174039877764,-0.134577651734
mobilenet,magnitude,finetune,123,0.724619101736,0.663814187648,0.677598220592,0.752848994507,0.61602376731,0.728074018711,0.542389994696,0.53291892694,0.553922546375,0.612343186065,0.505678278787,0.569547176619,-0.18222910704,-0.130895260708
mobilenet,magnitude,finetune,2024,0.710788822132,0.652805487312,0.658857837181,0.754695038971,0.584618333413,0.744491121363,0.541411531931,0.522069613679,0.51051493932,0.618590311976,0.434587186736,0.639700007732,-0.169377290201,-0.130735873634
mobilenet,magnitude,finetune,2025,0.719776440263,0.661775132319,0.677162297567,0.74808169321,0.618525085054,0.719929898714,0.542097654915,0.529626759441,0.551265985392,0.608606557377,0.50379989458,0.564354011495,-0.177678785348,-0.132148372878
mobilenet,none,finetune,7,0.850954856057,0.746024941329,0.743149352454,0.884668828161,0.640663184628,0.887696193397,0.673040136699,0.619103365266,0.617940052814,0.727403696397,0.537112463463,0.729349759027,-0.177914719358,-0.126921576063
mobilenet,none,finetune,42,0.846115215376,0.744128784756,0.740309364035,0.885647171876,0.635948056927,0.889590474472,0.671740539285,0.619306721188,0.622656105294,0.721410808286,0.547683166419,0.715612999665,-0.17437467609,-0.124822063568
mobilenet,none,finetune,123,0.844571807887,0.740105635157,0.737395109652,0.876749775501,0.636264315492,0.879732481122,0.676028837728,0.616718055258,0.606829752327,0.736956700353,0.515760218506,0.752467719904,-0.168542970159,-0.1233875799
mobilenet,none,finetune,2024,0.847269661839,0.738335889023,0.730850769135,0.89105621571,0.61947386075,0.898159841241,0.66413457183,0.614090916586,0.60964124688,0.725942696748,0.52545881451,0.733267183835,-0.183135090009,-0.124244972437
mobilenet,none,finetune,2025,0.846296576369,0.743474748141,0.738116078643,0.890307123811,0.630360822272,0.895569701812,0.665078577342,0.618850544389,0.624061495427,0.718386500924,0.551631606689,0.709234298085,-0.181217999027,-0.124624203752
mobilenet,phase,finetune,7,0.633024584892,0.565126108152,0.51568793076,0.713632282437,0.403708850448,0.782170562614,0.527243221227,0.504927259037,0.502119709708,0.593162348517,0.435305956203,0.598541274709,-0.105781363665,-0.0601988491154
mobilenet,phase,finetune,42,0.62983026762,0.557470032482,0.493937965494,0.717567567568,0.376577698979,0.80070101286,0.525343678389,0.506383727129,0.502112137306,0.595560289844,0.434012171163,0.603695781037,-0.104486589231,-0.0510863053527
mobilenet,phase,finetune,123,0.629656505689,0.549665561949,0.457862733811,0.739442639767,0.331592313959,0.842890647148,0.52137864269,0.495946621818,0.468505328798,0.592613769646,0.387378408165,0.641929331718,-0.108277862999,-0.0537189401309
mobilenet,phase,finetune,2024,0.630189305636,0.555013273096,0.476611589481,0.732198542118,0.353289568259,0.826254477977,0.524672685051,0.497567973091,0.468332344628,0.59563294229,0.385864200489,0.647766810134,-0.105516620585,-0.0574453000049
mobilenet,phase,finetune,2025,0.620681544614,0.54525768493,0.461716620367,0.718843691759,0.340073793665,0.821151516713,0.518544621989,0.49571028926,0.476295932695,0.588847961387,0.3998658297,0.624584417927,-0.102136922625,-0.0495473956702
resnet,complex,finetune,7,0.695087880819,0.638642022127,0.690955411618,0.678028800472,0.704384493747,0.550243550424,0.538465157552,0.532880454198,0.565851914285,0.605852111135,0.530806459342,0.535669183784,-0.156622723267,-0.105761567929
resnet,complex,finetune,42,0.731092506162,0.659582186021,0.742431551282,0.655762633423,0.85549858642,0.396149583774,0.550859103365,0.555315558927,0.63676401266,0.598969594595,0.6796492405,0.388134326435,-0.180233402797,-0.104266627095
resnet,complex,finetune,123,0.734442626409,0.668326490681,0.733054652423,0.68073447256,0.794086923188,0.499226824051,0.552481441317,0.55100111571,0.619103124796,0.602834754342,0.636273899085,0.43634184686,-0.181961185093,-0.117325374972
resnet,complex,finetune,2024,0.684801461706,0.63268973932,0.677455007022,0.682365294495,0.67261488332,0.579005695729,0.546568728387,0.539926462102,0.570143321505,0.61414726967,0.532023575639,0.550552820804,-0.138232733319,-0.0927632772181
resnet,complex,finetune,2025,0.65067623281,0.608506872881,0.656954484379,0.66028383899,0.653658536585,0.547795159919,0.529680092637,0.534892028997,0.596075548788,0.593760103459,0.59840912358,0.449485837994,-0.120996140173,-0.0736148438831
resnet,concat,finetune,7,0.876855947476,0.776748173919,0.779291908457,0.899785442728,0.687258613254,0.897077394913,0.656705889667,0.613695196953,0.639022561411,0.688440598442,0.596224064402,0.637187185897,-0.220150057808,-0.163052976966
resnet,concat,finetune,42,0.870857679534,0.763381644105,0.764374924746,0.891053860583,0.66923187503,0.889977062447,0.647858909175,0.587819529863,0.578383696416,0.699578403373,0.492980018209,0.715342388083,-0.222998770359,-0.175562114242
resnet,concat,finetune,123,0.871949811279,0.7626451659,0.763654473413,0.890149147093,0.668637692271,0.889049251308,0.670418529933,0.607946270068,0.629090209496,0.687623616068,0.579740284633,0.645872529059,-0.201531281346,-0.154698895832
resnet,concat,finetune,2024,0.884859399392,0.78832846928,0.795029138615,0.893967684022,0.71580813647,0.885840571119,0.703924008851,0.633854913794,0.654510566576,0.713189421338,0.604753462073,0.672985232339,-0.18093539054,-0.154473555486
resnet,concat,finetune,2025,0.85383282665,0.737599410817,0.729371085225,0.89268766477,0.616570032105,0.900337620164,0.651934556321,0.580059028179,0.567165362806,0.693524701449,0.479754660022,0.714930027577,-0.201898270328,-0.157540382639
resnet,concat_frequency,finetune,7,0.83194548693,0.741979807307,0.750700964357,0.841794990889,0.677397096171,0.828818844875,0.68952468684,0.632513863927,0.663540067933,0.698569612206,0.631855862763,0.633398623747,-0.14242080009,-0.109465943379
resnet,concat_frequency,finetune,42,0.83537595742,0.747673773132,0.761099431759,0.832671046489,0.700857731564,0.81062343754,0.682077880483,0.642230979351,0.684138252292,0.692889858662,0.675604964301,0.597355738254,-0.153298076937,-0.105442793781
resnet,concat_frequency,finetune,123,0.844204501641,0.759836655729,0.77538180005,0.836208616981,0.722804159279,0.809631195072,0.701491775114,0.653283648535,0.690455161043,0.707443866829,0.674263261297,0.625074096028,-0.142712726527,-0.106553007194
resnet,concat_frequency,finetune,2024,0.824094551432,0.737242163927,0.751370354576,0.821448471134,0.692309166707,0.797659854127,0.673497997289,0.623110026546,0.64581374929,0.700364084468,0.599147060233,0.655331048169,-0.150596554143,-0.114132137381
resnet,concat_frequency,finetune,2025,0.833079315615,0.74791010569,0.765327371055,0.820933857265,0.716776079352,0.789773459447,0.686232126194,0.649694691311,0.702737240746,0.684467783552,0.72200872107,0.552459988145,-0.146847189421,-0.0982154143789
resnet,frequency_3,finetune,7,0.755821757468,0.686441656087,0.743114184982,0.700837424199,0.790818918012,0.546094172831,0.540099327478,0.546334921708,0.635131969217,0.589438965557,0.68850448033,0.355171258473,-0.21572242999,-0.140106734379
resnet,frequency_3,finetune,42,0.748361681449,0.68340780557,0.725159480311,0.722069135896,0.728276390819,0.623076724827,0.543617945422,0.542537112456,0.61148815803,0.596052523819,0.627744501414,0.427965774078,-0.204743736027,-0.140870693114
resnet,frequency_3,finetune,123,0.75538182712,0.687375994108,0.739444910149,0.708244853548,0.773520532848,0.571544547821,0.533270817171,0.544664105481,0.62827709054,0.590687432505,0.670976088936,0.374822813845,-0.222111009949,-0.142711888627
resnet,frequency_3,finetune,2024,0.748421241944,0.690080078265,0.729718977525,0.729925397465,0.729512674302,0.637058323239,0.534554772242,0.528335174529,0.564848337339,0.599748032174,0.53378695673,0.521004613283,-0.213866469702,-0.161744903736
resnet,frequency_3,finetune,2025,0.741842128643,0.680368458947,0.729557291667,0.708631826189,0.751756193397,0.584379268576,0.530886340049,0.54490043804,0.635063904804,0.58788299131,0.690478700465,0.349153372336,-0.210955788593,-0.135468020907
resnet,magnitude,finetune,7,0.755026426268,0.692360962258,0.735412569959,0.725596276363,0.74549810724,0.620911832169,0.542955286569,0.542844894392,0.614352478626,0.595056539038,0.634941779673,0.419009819335,-0.212071139698,-0.149516067866
resnet,magnitude,finetune,42,0.762178223956,0.690541751169,0.744434105712,0.707122531689,0.78590253486,0.562317981495,0.560651618073,0.559008942164,0.643655597845,0.599766598798,0.6944750587,0.376858843844,-0.201526605883,-0.131532809005
resnet,magnitude,finetune,123,0.752046764767,0.688552160794,0.731467835565,0.723462692163,0.739652115578,0.619842272106,0.543555854727,0.546527285418,0.615056592858,0.599265407799,0.631702525277,0.431999175279,-0.20849091004,-0.142024875376
resnet,magnitude,finetune,2024,0.742768535253,0.680516853809,0.721691044455,0.721086873326,0.722296228856,0.624339578877,0.528422528508,0.542174369459,0.622273613567,0.590566768516,0.657578226077,0.387000335043,-0.214346006746,-0.13834248435
resnet,magnitude,finetune,2025,0.739458680125,0.675570358401,0.724733379033,0.705798470454,0.744712252624,0.582600963893,0.52899641353,0.543806712944,0.638732562947,0.585088908381,0.703205711821,0.329476044432,-0.210462266595,-0.131763645457
resnet,none,finetune,7,0.883310631527,0.783986545532,0.790969285999,0.888635277247,0.712645550817,0.879912888843,0.655942575179,0.618965962615,0.632020891498,0.708293182007,0.570578369831,0.684028762145,-0.227368056349,-0.165020582917
resnet,none,finetune,42,0.898836479121,0.796534155551,0.800721322065,0.913417255143,0.712779721117,0.909151825984,0.673909184267,0.627413477551,0.644967346276,0.711055682579,0.590119315731,0.677559856705,-0.224927294853,-0.169120678
resnet,none,finetune,123,0.889302330369,0.78963654251,0.79638899676,0.89498541298,0.717360678518,0.886819927321,0.6735816762,0.625209539042,0.639938750726,0.712552178259,0.580756145479,0.684982345816,-0.215720654169,-0.164427003468
resnet,none,finetune,2024,0.867747061797,0.748388266913,0.744357207474,0.891828241874,0.638736882457,0.895827427128,0.656854371756,0.585483684809,0.579711114083,0.692568872082,0.498481000527,0.702469008531,-0.210892690041,-0.162904582104
resnet,none,finetune,2025,0.883144672367,0.767124492297,0.766986180082,0.899863215217,0.66830226652,0.900002577253,0.663451699713,0.602565582285,0.59104173736,0.720993446016,0.50078106282,0.739426818896,-0.219692972654,-0.164558910012
resnet,phase,finetune,7,0.644910425843,0.602263296454,0.633927713281,0.67129847868,0.60049834683,0.604636478441,0.517848860827,0.533419072587,0.613301872611,0.584435878737,0.645167473286,0.383160227829,-0.127061565016,-0.0688442238674
resnet,phase,finetune,42,0.636081094577,0.598850214623,0.641093222923,0.658341496915,0.624725669654,0.564057627381,0.519521119057,0.532825493138,0.610464183749,0.584941949309,0.63831520437,0.390982191181,-0.11655997552,-0.0660247214848
resnet,phase,finetune,123,0.648899114869,0.610474478832,0.658141879344,0.662529619702,0.653811874072,0.552202262828,0.522620763616,0.544554183361,0.634861884052,0.587592372066,0.690402031722,0.348444627716,-0.126278351253,-0.0659202954707
resnet,phase,finetune,2024,0.655791112311,0.613057648656,0.655712532214,0.669465969005,0.642512818055,0.573451715162,0.523764064932,0.546505300994,0.634368768556,0.589977333608,0.6859839954,0.358959820623,-0.132027047378,-0.0665523476617
resnet,phase,finetune,2025,0.647992733129,0.610348068394,0.649820207848,0.670465085464,0.630408740237,0.583374139842,0.521756154458,0.544334339121,0.63737638378,0.586244629323,0.698279745076,0.337336666581,-0.126236578671,-0.0660137292728
vit,complex,finetune,7,0.563586236613,0.573496677604,0.728943627288,0.573494333484,1,1.28862658179e-05,0.548550196051,0.573491181498,0.728941081134,0.573491181498,1,0,-0.0150360405619,-5.49610600886e-06
vit,complex,finetune,42,0.562323500687,0.573491181498,0.728941081134,0.573491181498,1,0,0.548990337331,0.573491181498,0.728941081134,0.573491181498,1,0,-0.0133331633566,0
vit,complex,finetune,123,0.584137278903,0.573491181498,0.728941081134,0.573491181498,1,0,0.559046359286,0.573491181498,0.728941081134,0.573491181498,1,0,-0.0250909196169,0
vit,complex,finetune,2024,0.571132197935,0.573491181498,0.728941081134,0.573491181498,1,0,0.560872317465,0.573491181498,0.728941081134,0.573491181498,1,0,-0.0102598804701,0
vit,complex,finetune,2025,0.569228223664,0.573491181498,0.728941081134,0.573491181498,1,0,0.553065652333,0.573491181498,0.728941081134,0.573491181498,1,0,-0.0161625713314,0
vit,concat,finetune,7,0.823263529679,0.759396967249,0.778625645382,0.824219000921,0.737812065743,0.788420401536,0.709337203461,0.658367546593,0.693307018626,0.714512356351,0.673324069194,0.63825674596,-0.113926326218,-0.101029420655
vit,concat,finetune,42,0.82679003647,0.757269974223,0.770354732365,0.842057997704,0.709904643251,0.820958222726,0.716307513387,0.662264285754,0.696225183896,0.718979406389,0.674867027649,0.645318419628,-0.110482523084,-0.0950056884697
vit,concat,finetune,123,0.827123570869,0.750229462426,0.764456791595,0.832422792126,0.70675164119,0.808690497668,0.715464280401,0.657246340967,0.690033947503,0.716741698331,0.665245100388,0.646491069818,-0.111659290469,-0.0929831214584
vit,concat,finetune,2024,0.831751650607,0.763249737561,0.784054222062,0.8220243664,0.749436963918,0.781822633437,0.71655471635,0.668035197063,0.710847064906,0.710180694656,0.711514686856,0.60957191825,-0.115196934257,-0.0952145404981
vit,concat,finetune,2025,0.823380886703,0.754340549721,0.77318190814,0.821670477587,0.730097273468,0.786938480967,0.703743688133,0.654421342479,0.695119645065,0.703493964079,0.686942354689,0.610693023376,-0.119637198569,-0.0999192072417
vit,concat_frequency,finetune,7,0.797264360681,0.717318779645,0.766789242914,0.727680338732,0.810340696727,0.592239890724,0.685681131042,0.647743573678,0.732356724072,0.648949475663,0.840366093248,0.388739980928,-0.111583229638,-0.0695752059666
vit,concat_frequency,finetune,42,0.795064642688,0.717340764069,0.770029467923,0.721799342767,0.825166514926,0.572356382567,0.674043030204,0.647650139876,0.735834517997,0.6454243169,0.855699841871,0.367902889101,-0.121021612484,-0.0696906241928
vit,concat_frequency,finetune,123,0.795562641504,0.712031525664,0.766657314254,0.716105361243,0.824888590733,0.560281951496,0.676255853175,0.640274365612,0.734266330495,0.636991222756,0.866605970578,0.335944949872,-0.119306788329,-0.0717571600521
vit,concat_frequency,finetune,2024,0.790116677965,0.724491197986,0.773240086492,0.732258368532,0.819080933442,0.597304193191,0.667783956259,0.644259042468,0.7339925367,0.642535922693,0.855805261392,0.359810314167,-0.122332721706,-0.0802321555178
vit,concat_frequency,finetune,2025,0.779448121513,0.71187213859,0.758013293944,0.731181263636,0.786889644928,0.611002293755,0.674304984295,0.641659384326,0.726317954573,0.646193719937,0.82912453879,0.389590474472,-0.105143137219,-0.0702127542636
vit,frequency_3,finetune,7,0.728157181776,0.641923197415,0.741401688504,0.632776400125,0.895050074273,0.30156439267,0.535237541117,0.562108745953,0.694897275356,0.578678487148,0.86952896641,0.148746166336,-0.19291964066,-0.0798144514611
vit,frequency_3,finetune,42,0.725878990259,0.635569698868,0.740752325359,0.625602620491,0.907853754373,0.269451818252,0.529217523982,0.555337543351,0.670996181514,0.582789409737,0.790665580526,0.238911368264,-0.196661466277,-0.0802321555178
vit,frequency_3,finetune,123,0.732502273213,0.633211869391,0.742365867029,0.621563265649,0.921452872682,0.245637999021,0.534319824044,0.564994201608,0.702482445457,0.577920993549,0.895490919546,0.12060256179,-0.198182449169,-0.0682176677824
vit,frequency_3,finetune,2024,0.714443912418,0.620845630871,0.734006292606,0.6140561394,0.912195121951,0.22909203371,0.51967731117,0.54512028228,0.650289017341,0.581549135045,0.737457472807,0.286500347929,-0.194766601248,-0.0757253485905
vit,frequency_3,finetune,2025,0.719132786259,0.623659637147,0.736565510449,0.615279304294,0.917408596483,0.228679673204,0.522107520179,0.553111620417,0.673448569455,0.579622678032,0.80351717859,0.216411948146,-0.19702526608,-0.0705480167301
vit,magnitude,finetune,7,0.715695395816,0.642379374213,0.735695774739,0.638454325618,0.867880588433,0.339166516327,0.537816974924,0.551726601703,0.651480190066,0.587843829764,0.730566869519,0.311254864565,-0.177878420892,-0.0906527725107
vit,magnitude,finetune,42,0.739660542439,0.64029085393,0.739250996016,0.632613957928,0.889127413867,0.305700883998,0.545248588405,0.556249896948,0.669707543967,0.584245763801,0.784455412334,0.249400788639,-0.194411954034,-0.084040956982
vit,magnitude,finetune,123,0.720760187453,0.635888473017,0.736357015795,0.629632906396,0.886645263309,0.298716527925,0.53698585252,0.550979131285,0.656106883082,0.584996584674,0.746897311802,0.28754413546,-0.183774334932,-0.0849093417314
vit,magnitude,finetune,2024,0.72268265857,0.632898591348,0.733857439424,0.628057181051,0.882524318367,0.297247493621,0.532609204767,0.546170038528,0.654064810742,0.581027167845,0.748104844506,0.274644983377,-0.190073453802,-0.0867285528203
vit,magnitude,finetune,2025,0.721391517162,0.625808614597,0.734020650777,0.619577117381,0.900321050362,0.256694415092,0.520922208488,0.543174660753,0.653750020829,0.578208935427,0.751995783219,0.262390144584,-0.200469308675,-0.0826339538437
vit,none,finetune,7,0.819603272043,0.739583505087,0.755017837754,0.819783304328,0.699736451196,0.793162547357,0.688214050857,0.639208121046,0.669951481938,0.704653622422,0.638506876228,0.640151027035,-0.131389221185,-0.10037538404
vit,none,finetune,42,0.821189154625,0.735747223092,0.74336254844,0.838941699498,0.667334323638,0.827736398546,0.691283140289,0.6325798172,0.643676077884,0.72514051016,0.578666922229,0.705072034226,-0.129906014336,-0.103167405893
vit,none,finetune,123,0.819391217668,0.739753884373,0.75761562284,0.813119437424,0.70920504097,0.780830390969,0.706061805648,0.646572903098,0.67474925269,0.714429544578,0.63924481288,0.656426380763,-0.11332941202,-0.0931809812748
vit,none,finetune,2024,0.798488422742,0.715532545192,0.724122124384,0.815773355591,0.650984714169,0.802324682354,0.683520086358,0.62280224461,0.63545097206,0.712804623726,0.573242608654,0.689440993789,-0.114968336384,-0.092730300582
vit,none,finetune,2025,0.812891438231,0.72298526494,0.730132893567,0.827240630422,0.653428530356,0.816512461019,0.693253118682,0.624071845098,0.634181040246,0.717511799589,0.568192055201,0.699208783279,-0.119638319549,-0.098913419842
vit,phase,finetune,7,0.60608730871,0.573491181498,0.728939187537,0.573491989337,0.999990416407,1.28862658179e-05,0.49787795626,0.573496677604,0.728943627288,0.573494333484,1,1.28862658179e-05,-0.108209352449,5.49610600886e-06
vit,phase,finetune,42,0.606674370648,0.575299400375,0.727655930047,0.575456552278,0.989314293929,0.018607767841,0.49711920158,0.573166911243,0.727339753605,0.573924269456,0.992697302219,0.00905904486998,-0.109555169068,-0.00213248913145
vit,phase,finetune,123,0.604125867398,0.573540646452,0.728878763632,0.573555936826,0.99956873832,0.000695858354166,0.498746237161,0.573452708756,0.728883485819,0.573486081182,0.999798744549,0.00018040772145,-0.105379630237,-8.79376961422e-05
vit,phase,finetune,2024,0.595431922505,0.573881405025,0.728453997485,0.574001501336,0.996626575303,0.00545089044097,0.491094421238,0.573194391773,0.728218947958,0.573570030598,0.99704825339,0.00327311151774,-0.104337501267,-0.000687013251111
vit,phase,finetune,2025,0.597645115226,0.573551638664,0.728950153881,0.573533938741,0.999904164071,0.000270611582176,0.492899110255,0.573485685392,0.728929066693,0.573492068727,0.999952082036,5.15450632716e-05,-0.10474600497,-6.59532721068e-05
xception,complex,finetune,7,0.559942367363,0.573496677604,0.728926584065,0.573501605031,0.999913747664,0.000128862658179,0.513613733715,0.573480189286,0.728917051496,0.573492956043,0.999904164071,0.000103090126543,-0.0463286336486,-1.64883180267e-05
xception,complex,finetune,42,0.567843851059,0.57350217371,0.728931024124,0.573503949343,0.999923331257,0.000128862658179,0.51921597989,0.573507669816,0.728939251569,0.57350467752,0.999952082036,0.000103090126543,-0.048627871169,5.49610600886e-06
xception,complex,finetune,123,0.562534733068,0.573463700968,0.728916988316,0.57348026822,0.999942498443,1.28862658179e-05,0.513137949366,0.57347469318,0.728927761807,0.573484148969,0.999971249221,0,-0.0493967837024,1.09922120178e-05
xception,complex,finetune,2024,0.564679127122,0.573491181498,0.728941081134,0.573491181498,1,0,0.523231785401,0.573491181498,0.728941081134,0.573491181498,1,0,-0.0414473417206,0
xception,complex,finetune,2025,0.556174920498,0.573353778848,0.728758067165,0.573463260121,0.999396233648,0.00048967810108,0.51804065649,0.572919586473,0.72808773305,0.573413584228,0.997029086204,0.00265457075849,-0.0381342640073,-0.000434192374703
xception,concat,finetune,7,0.731833584633,0.671569193227,0.7277647434,0.693591524835,0.765479898414,0.54529522435,0.614925413492,0.591221619483,0.641923836118,0.644966864993,0.638909387129,0.527099817015,-0.116908171141,-0.080347573744
xception,concat,finetune,42,0.734578412603,0.672948715835,0.72730938786,0.696881613728,0.760515597297,0.555204762764,0.610745833663,0.591056736302,0.644948559867,0.642269932237,0.647649623844,0.514960954615,-0.12383257894,-0.0818919795325
xception,concat,finetune,123,0.736085458704,0.675597838931,0.73013899049,0.698124590164,0.765230724999,0.555075900106,0.613435057541,0.591947105476,0.644629523262,0.643920631126,0.645339977958,0.520154119739,-0.122650401163,-0.0836507334553
xception,concat,finetune,2024,0.735577260355,0.672976196365,0.732070408012,0.690449495464,0.779031098759,0.530372928533,0.612275597172,0.592744040847,0.652722253727,0.638710032469,0.667363074417,0.492409989433,-0.123301663183,-0.0802321555178
xception,concat,finetune,2025,0.726531947086,0.667029409663,0.723669386657,0.690441790837,0.760256840289,0.541674183655,0.608267007884,0.584884609254,0.630695736785,0.643832607914,0.618084239781,0.540243808149,-0.118264939202,-0.0821448004089
xception,concat_frequency,finetune,7,0.6639102906,0.613464360501,0.704650156853,0.627137902165,0.804025109013,0.357233061004,0.578185036771,0.578261801514,0.690108878263,0.596359346972,0.818831760027,0.254787247751,-0.085725253829,-0.035202558987
xception,concat_frequency,finetune,42,0.663342614067,0.61188148197,0.707608223092,0.62294233433,0.81890842877,0.333509445633,0.582072455951,0.578712482206,0.689876439316,0.596950028357,0.817068378935,0.258214994459,-0.0812701581158,-0.0331689997637
xception,concat_frequency,finetune,123,0.649526326828,0.603868159409,0.70115309503,0.617918323199,0.810302362356,0.326293136775,0.568837665702,0.573315306106,0.690898232203,0.590968225318,0.831501269826,0.226153965104,-0.0806886611256,-0.0305528533034
xception,concat_frequency,finetune,2024,0.661761305124,0.611529731185,0.699856894743,0.62834550806,0.789735972016,0.37191051777,0.57066220688,0.573007524169,0.678147681702,0.597253336641,0.784388327184,0.288781216979,-0.0910990982443,-0.0385222070163
xception,concat_frequency,finetune,2025,0.657564361161,0.609611590188,0.697873245427,0.627394745899,0.786190042647,0.372181129352,0.573490470349,0.57383194007,0.682642327999,0.595742400972,0.799223728976,0.270766217366,-0.0840738908127,-0.0357796501179
xception,frequency_3,finetune,7,0.708313000596,0.655976740479,0.710481036078,0.686630012069,0.736048684652,0.548310610551,0.54192465286,0.540206763508,0.588049911857,0.604762338833,0.572236331401,0.497139248988,-0.166388347736,-0.115769976971
xception,frequency_3,finetune,42,0.698098411438,0.647139002017,0.707491981338,0.674318021938,0.744098902679,0.516765031829,0.532083701378,0.542575585198,0.609543379638,0.597042496875,0.622578944846,0.435001675215,-0.166014710061,-0.104563416819
xception,frequency_3,finetune,123,0.710633822071,0.65733977477,0.722116241754,0.674973961588,0.776338109157,0.497332542976,0.543952346089,0.55029761414,0.624300919251,0.599271868196,0.651511811778,0.414203242184,-0.166681475982,-0.107042160629
xception,frequency_3,finetune,2024,0.702280224582,0.65028827076,0.711823876014,0.6748158071,0.75312664718,0.512009999742,0.530682145747,0.539640664589,0.604006221604,0.596028961708,0.612199913748,0.442076235149,-0.171598078835,-0.110647606171
xception,frequency_3,finetune,2025,0.677565930459,0.631541053164,0.689824925047,0.666851535455,0.714437682687,0.520076802144,0.516480180951,0.518282796639,0.555729586432,0.589834082937,0.525353394988,0.508775547022,-0.161085749508,-0.113258256525
xception,magnitude,finetune,7,0.709984731062,0.655526059787,0.716035846646,0.679032077887,0.75730509368,0.51867219917,0.542366583298,0.5552001407,0.641490209976,0.596441369084,0.693900043126,0.368701837582,-0.167618147764,-0.100325919086
xception,magnitude,finetune,42,0.694907562324,0.644143624242,0.705015649702,0.671943933025,0.741511332599,0.513221308729,0.521139187912,0.544257393637,0.626045701968,0.591246720502,0.665197182424,0.381639648463,-0.173768374412,-0.0998862306056
xception,magnitude,finetune,123,0.708242743309,0.657620076176,0.71531785964,0.683659742483,0.750050313863,0.533336769671,0.534974890813,0.55250155265,0.63568881352,0.596199684426,0.680780104461,0.38001597897,-0.173267852496,-0.105118523526
xception,magnitude,finetune,2024,0.708797657073,0.654141041072,0.718780165171,0.67340462055,0.770712540131,0.497396974305,0.536178510276,0.551880492671,0.637932412629,0.594381232157,0.688370310029,0.368353908404,-0.172619146797,-0.102260548401
xception,magnitude,finetune,2025,0.695660923286,0.645666045607,0.707619047619,0.671645645904,0.747663999233,0.508517821706,0.529491711535,0.544328843015,0.62207696305,0.593177609903,0.653936460779,0.396948532254,-0.16616921175,-0.101337202592
xception,none,finetune,7,0.775040053724,0.706540915761,0.746083830285,0.740477831164,0.751775360583,0.645717893869,0.628632719564,0.604659598674,0.643625427936,0.666232460819,0.622502276103,0.58066802402,-0.14640733416,-0.101881317087
xception,none,finetune,42,0.773015474897,0.706436489747,0.744034925458,0.74409554482,0.743974315971,0.655962475194,0.63068905897,0.602296273091,0.639106256702,0.666306156406,0.614039963582,0.586505502436,-0.142326415926,-0.104140216656
xception,none,finetune,123,0.765921043352,0.701341599477,0.747119376035,0.726187137571,0.769294168384,0.60997139249,0.629672022065,0.606451329233,0.650821438847,0.662526558249,0.639522737074,0.561982938584,-0.136249021287,-0.0948902702435
xception,none,finetune,2024,0.776771911103,0.708684397105,0.750644511771,0.737208808065,0.764579040682,0.633527486405,0.628418138384,0.605462030152,0.645735351452,0.665639053375,0.626987397575,0.576518646427,-0.148353772719,-0.103222366953
xception,none,finetune,2025,0.773838853808,0.706343055945,0.741968821836,0.747826679517,0.736202022138,0.666194170253,0.631303332671,0.603549385261,0.636006277407,0.671658175772,0.60394844027,0.603012808948,-0.142535521138,-0.102793670684
xception,phase,finetune,7,0.587751747226,0.579817199514,0.717508341616,0.583873567228,0.93047103359,0.108321950465,0.512072099577,0.570501299829,0.716823330748,0.576329850772,0.947894005463,0.0630524986469,-0.0756796476491,-0.00931589968507
xception,phase,finetune,42,0.597318810016,0.57848714186,0.726253832618,0.578639031715,0.974977238967,0.045359655679,0.519049581143,0.573271337258,0.722774469058,0.575980378209,0.969984187072,0.0398443339089,-0.0782692288733,-0.00521580460244
xception,phase,finetune,123,0.593370794143,0.586610386541,0.709884709885,0.59401990782,0.881901384829,0.189556970181,0.510152310006,0.566901350393,0.709830650774,0.576376596661,0.923705017011,0.0871369294606,-0.0832184841368,-0.0197090361479
xception,phase,finetune,2024,0.582742340104,0.578525614602,0.71259706773,0.585115614941,0.911102592362,0.131336821216,0.505772050591,0.568478732818,0.71658051288,0.574794850561,0.951219512195,0.0538388185871,-0.0769702895122,-0.0100468817843
xception,phase,finetune,2025,0.583344366881,0.580410778963,0.706125544208,0.590075658149,0.878997556184,0.178925800881,0.50859092411,0.566302274838,0.708935184502,0.576260921188,0.920973693038,0.0894049122445,-0.0747534427704,-0.0141085041248
