type,k,id,label,members,strategy,n_seeds,val_auc_m,val_auc_s,val_acc_m,val_acc_s,test_auc_m,test_auc_s,test_acc_m,test_acc_s,test_f1_m,test_f1_s,test_d_auc_m,test_d_auc_s,test_d_acc_m,test_d_acc_s,test_d_f1_m,test_d_f1_s,delta_auc_m,delta_auc_s,df40_auc_m,df40_auc_s
multi_model,2,clip_dino,CLIP + DINO,clip + dino,stacking,5,0.9964123038399644,0.00046416262745677605,0.9789892985349103,0.0029300885373216416,0.9366490234263642,0.004526977597867973,0.8467960450021159,0.009055258732269929,0.8515007228293092,0.010757708102673194,0.8668571674873297,0.01065608293103745,0.7605478518469664,0.01156665374837286,0.7587601112103509,0.013610572131911252,-0.06979185593903452,0.007849604980704592,0.8225895187171484,0.017226598696976382
multi_model,2,clip_dino,CLIP + DINO,clip + dino,geometric,5,0.9963432612634895,0.0005746043490860448,0.97383468034717,0.003206945601047721,0.9395637852244786,0.005765981326986404,0.8600097830686959,0.008230055299959786,0.8678307799956789,0.008054182111806104,0.8780549814065861,0.010987713602582744,0.7857969628518195,0.010066505335980457,0.792038302774694,0.009615607816355358,-0.061508803817892345,0.006976426762265772,0.8247122403169425,0.01782439257892042
multi_model,2,clip_dino,CLIP + DINO,clip + dino,mean,5,0.9962392926565489,0.0005269252030489186,0.9754253102881998,0.004122065619459532,0.9359502470792194,0.003841444441143738,0.838278179909534,0.005510605396961793,0.8418391969034935,0.006865500972143416,0.8690450580013425,0.009653966768926056,0.7581900223691515,0.008452126186620309,0.7528515300471057,0.009328410297234786,-0.06690518907787699,0.007106223314089339,0.8264431770362531,0.015035799249234377
multi_model,2,clip_dino,CLIP + DINO,clip + dino,max,5,0.9946183956156405,0.0005079404814633618,0.9713103017718152,0.003446810114822917,0.9316949769222225,0.003022638371128262,0.8372163322286161,0.006445514825100068,0.8426620848409406,0.00809023938161089,0.8614651053166675,0.010297009993659434,0.7560564340164994,0.0075039515022416155,0.7549629435937433,0.009928630004488037,-0.07022987160555491,0.008462198166680684,0.816178068865766,0.0152382083758518
multi_model,2,clip_resnet,CLIP + ResNet,clip + resnet,stacking,5,0.9906995832712047,0.0004596949271972037,0.9584984019054985,0.0017117141677156624,0.9127505927969407,0.0038569615273002346,0.827800403414181,0.0036595263764092538,0.8351744633528716,0.005383635046989873,0.844897438544414,0.0024349264430504887,0.7540646451988766,0.005434789348356879,0.7562252919462208,0.006016976052515025,-0.06785315425252662,0.0028249509721730397,0.7809082590879652,0.008002107570857238
multi_model,2,clip_resnet,CLIP + ResNet,clip + resnet,geometric,5,0.9895745634174966,0.000430768607829702,0.948422602688599,0.0007909447766861656,0.9119764931047104,0.0023745218412677695,0.8112351399033784,0.00413038930395232,0.8178055059225494,0.00496088540619952,0.8511392915256403,0.0028357860908597237,0.7529588286698874,0.005757450565021271,0.7582214414073334,0.010415090021842006,-0.06083720157907009,0.002670013390152667,0.7821607204147842,0.007027078915161664
multi_model,2,clip_resnet,CLIP + ResNet,clip + resnet,mean,5,0.9907132249469235,0.0004311587893668996,0.9598040213622145,0.001477312292322704,0.9115920086498985,0.00407195364043192,0.8206049014273388,0.003306159259883145,0.82651278905385,0.004343901815376963,0.8425583919285881,0.0031573399120473668,0.743673707178464,0.006658488084238927,0.7442474664955755,0.005300390583112696,-0.0690336167213104,0.003337013929195215,0.7765187167903729,0.005625445211752095
multi_model,2,clip_resnet,CLIP + ResNet,clip + resnet,max,5,0.9902307323698208,0.0005097324497632257,0.954806837537238,0.0011508902768164228,0.9081880919569313,0.006249089747200203,0.8140722298251688,0.004541298731980219,0.8206312677495363,0.004802677515533628,0.8290640517112701,0.006640007995937303,0.7263137067387756,0.007347152494162888,0.7259921618052066,0.013207918628483003,-0.07912404024566122,0.0053696627840164905,0.749841951471472,0.011776138152179061
multi_model,2,dino_resnet,DINO + ResNet,dino + resnet,stacking,5,0.9920681693501733,0.0008604026238064089,0.9673567991965418,0.00499376543823958,0.9109041806579554,0.005498987975332695,0.8187714004627722,0.010232480069461732,0.8211943319589977,0.013453649557643086,0.8240541657798726,0.00988223140552608,0.7323341412609167,0.013374063931879511,0.730292180916842,0.015943141353642283,-0.08685001487808279,0.008879756981011237,0.7484121128764553,0.023360510531255926
multi_model,2,dino_resnet,DINO + ResNet,dino + resnet,geometric,5,0.9923296137915238,0.0014811172118892482,0.9636910214911477,0.0051894649100568705,0.9152945149105987,0.00788057829892527,0.8274310650903836,0.01229955560468127,0.8339248748977994,0.01276016817465341,0.8321780156911457,0.013751020981567242,0.7467724117462777,0.012592586405514765,0.755607651851081,0.012178892576564153,-0.08311649921945315,0.009218766893154384,0.753452808668127,0.022140001651112275
multi_model,2,dino_resnet,DINO + ResNet,dino + resnet,mean,5,0.9909450861546208,0.0011201960652332252,0.9601758921846054,0.0069381372261349715,0.9036503994849229,0.0050015060439923854,0.8012882872484844,0.004908918086415726,0.8035382882859452,0.007516568427686914,0.8167126609926006,0.008302147986765618,0.7209868807949569,0.00408102914284645,0.7198489402211171,0.006942068978890389,-0.0869377384923223,0.008173991638784035,0.7373623480186521,0.018906764380990898
multi_model,2,dino_resnet,DINO + ResNet,dino + resnet,max,5,0.988211263212024,0.0014092044105728644,0.9552859265894422,0.0056868551804746545,0.8931273627941531,0.008647452958422366,0.7991283175869895,0.007668607228536813,0.8048374751078136,0.009185664312756749,0.8074634757724354,0.007034078354362474,0.7185598003814297,0.0035293355038923846,0.7226484106507955,0.009312480694990938,-0.08566388702171775,0.006830474741611679,0.6921670522489076,0.01900798769405435
multi_model,3,clip_dino_resnet,CLIP + DINO + ResNet,clip + dino + resnet,stacking,5,0.9963691033180826,0.0004181403152809691,0.9768476483242061,0.0013210373831255915,0.9346736622802899,0.0032257032621816947,0.8486757132571572,0.008399822180878824,0.8553003841333308,0.009999231822838161,0.8626393996180015,0.0076107071559274935,0.7658713801271799,0.011321523473027489,0.769359476753084,0.014899800588293086,-0.07203426266228816,0.006635004494663498,0.8081152719888374,0.015209931609966521
multi_model,3,clip_dino_resnet,CLIP + DINO + ResNet,clip + dino + resnet,geometric,5,0.9956953042233607,0.0007474890258782725,0.9712478709038226,0.003334916380550892,0.9346668881391075,0.005270221303667209,0.8397720215227512,0.0041774816782913175,0.8457571994364901,0.003749502023082988,0.8699560838604958,0.009840648534389977,0.7677609413730372,0.007204078894325648,0.7722494938868973,0.005824026000535273,-0.06471080427861173,0.006659527293695271,0.800948353002307,0.0143269796410815
multi_model,3,clip_dino_resnet,CLIP + DINO + ResNet,clip + dino + resnet,mean,5,0.9957209264454345,0.000508149736713841,0.9726199928068784,0.001496134999198084,0.9291639081378055,0.003044098115333688,0.8450328941944631,0.010836102591877431,0.8530506764353761,0.012345590968919339,0.8555456842550898,0.006326844944122158,0.7624791834984913,0.010700677324460322,0.7705929971254568,0.01565309853394517,-0.07361822388271581,0.0061354275793429145,0.7943037476862544,0.011337842260376759
multi_model,3,clip_dino_resnet,CLIP + DINO + ResNet,clip + dino + resnet,max,5,0.9937525433089609,0.0007375845510287018,0.9677653142240589,0.003503520943882124,0.9204417627918146,0.004975132531125477,0.8311332420979737,0.0032475322614169493,0.8389904902102693,0.0049279370160558575,0.8413017675102046,0.0070250128682667464,0.7439034444096357,0.0038656989668268064,0.7477608236940281,0.007077567411342414,-0.07913999528161,0.006572723966356017,0.7547834603523926,0.01372746979198065
multi_model,3,clip_dino_vit,CLIP + DINO + ViT,clip + dino + vit,stacking,5,0.9961497325700212,0.0004285845615061339,0.9764160610193875,0.001619917753974068,0.9322101060682624,0.0038633706727902806,0.8497617438045145,0.009581792585784593,0.8562539887301209,0.011576233961616085,0.8640249415518093,0.009858579789440445,0.7663407475803392,0.013034821945783308,0.7687594483572234,0.01576215711139016,-0.06818516451645304,0.0070249824430200555,0.816431540741205,0.017276764995179255
multi_model,3,clip_dino_vit,CLIP + DINO + ViT,clip + dino + vit,geometric,5,0.9950350800263476,0.0006385427815393229,0.9688252817871514,0.003029573809778512,0.9317352432889011,0.0058611847232562745,0.8417967869764272,0.005360406317235761,0.8482223931396865,0.0053851621358882214,0.8718758815327478,0.010202250087025588,0.771613711685271,0.009084514104242441,0.7744863034808811,0.009337675680096639,-0.05985936175615334,0.005455422741414991,0.8111175903636884,0.015435592742464874
multi_model,3,clip_dino_vit,CLIP + DINO + ViT,clip + dino + vit,mean,5,0.9946650301339022,0.0005124028189617324,0.970402339800357,0.0018901961105529112,0.9237895661664883,0.003231890118513019,0.8441908907539009,0.008175872887710083,0.8517759754978076,0.010105581778627543,0.8591234103382634,0.007964635618141999,0.7680379451158854,0.011418491516213833,0.7724068796939224,0.013642261656073303,-0.06466615582822502,0.005245325906644797,0.80754298574047,0.014035811399980766
multi_model,3,clip_dino_vit,CLIP + DINO + ViT,clip + dino + vit,max,5,0.9936118028721379,0.0008622025203857386,0.9677625998384942,0.005146780318785136,0.9202785423319403,0.0033217354348712065,0.8272441974860811,0.0066874654411640646,0.8324593318541972,0.008055021480723547,0.8520740120222754,0.009481829114893836,0.7473451059924044,0.0073899405721960364,0.7444101760733002,0.009907620475466805,-0.06820453030966496,0.006570346892042854,0.8065432901123906,0.014281444538503732
multi_model,3,clip_dino_mobilenet,CLIP + DINO + MobileNet,clip + dino + mobilenet,stacking,5,0.9960586497608064,0.0005030923016763268,0.9760876203660349,0.0014263879843332409,0.9312899514917088,0.002947481997760635,0.847029079896893,0.008866321722712607,0.8532722005091127,0.009903963313969812,0.8582876804943698,0.008269115147714955,0.7643313712234882,0.011505282673450962,0.7671336002581952,0.012371780339422517,-0.07300227099733905,0.006857528371983654,0.8145943260557106,0.016653071848826195
multi_model,3,clip_dino_mobilenet,CLIP + DINO + MobileNet,clip + dino + mobilenet,geometric,5,0.9954169511795585,0.0006826459131070595,0.9707389236104043,0.003094968709006461,0.9352440622005632,0.00454412344983838,0.8471280098050531,0.005264693810805063,0.8538671454972248,0.004850634758470504,0.8716841832713685,0.010036663035788304,0.7753180871352647,0.008746068348863632,0.7807801024181978,0.007532291233469906,-0.06355987892919483,0.007034401120488763,0.8136285887403607,0.016482810479224983
multi_model,3,clip_dino_mobilenet,CLIP + DINO + MobileNet,clip + dino + mobilenet,mean,5,0.9945929463875333,0.0007204692739764944,0.9694577336237726,0.0018464893357166973,0.9235319484898765,0.0030275065025170537,0.8506246324479105,0.004305750261916867,0.8601303162829754,0.004765689574114624,0.8490365898308777,0.007826418772672641,0.7718082738379857,0.008359551403090103,0.7837498207899826,0.008363762733508076,-0.07449535865899867,0.006254477671611335,0.8065488516606851,0.013945385473247564
multi_model,3,clip_dino_mobilenet,CLIP + DINO + MobileNet,clip + dino + mobilenet,max,5,0.9920161428766676,0.0015672118217881787,0.9647102732707667,0.006822223856573258,0.9140217113344093,0.005800499154890869,0.8318972008332098,0.0064648732792053805,0.8402630479666777,0.007427169877472688,0.8347246683174039,0.011030611669032343,0.747594629205208,0.006158151458802157,0.7530476184338253,0.008868502439612708,-0.07929704301700555,0.007561802425300344,0.7768822188058891,0.013579971987183045
multi_model,3,clip_dino_xception,CLIP + DINO + Xception,clip + dino + xception,stacking,5,0.9957432570081794,0.0005133693833019623,0.9763970603204332,0.0014067042944485024,0.9278814849817811,0.0038703940333051057,0.8465025529412411,0.006611787659772459,0.8527227918827087,0.0077910173101105986,0.8557529927372107,0.010715080641397295,0.7631079380259086,0.010576626920450869,0.7650640955671214,0.011087363271099326,-0.07212849224457055,0.00742641478411987,0.8172014295489651,0.01772846144590591
multi_model,3,clip_dino_xception,CLIP + DINO + Xception,clip + dino + xception,geometric,5,0.9951795946381988,0.0008075705418425761,0.9717717473178478,0.003505853178318857,0.9361389307855303,0.005682211152434365,0.8545070817325925,0.005405212789637736,0.8625590146778537,0.004817900027836584,0.872320014486067,0.01137903084745713,0.7813220333393791,0.009346406139741997,0.7890983380689076,0.007535277406409535,-0.0638189162994633,0.007735941425463207,0.8107782480524085,0.015903681355212473
multi_model,3,clip_dino_xception,CLIP + DINO + Xception,clip + dino + xception,mean,5,0.9932622106905455,0.0007907817260739146,0.9673038686780263,0.0008645967833056903,0.9146358390863799,0.0041143708700119375,0.8498639713762799,0.0035300094518406085,0.8603569862202901,0.004197431755069488,0.8403499658850793,0.009762215781506402,0.7711894123013845,0.009005716948182595,0.7841299841477877,0.007971491675322578,-0.07428587320130065,0.006287268928259509,0.8052468863709296,0.0129378181435888
multi_model,3,clip_dino_xception,CLIP + DINO + Xception,clip + dino + xception,max,5,0.9918138525746707,0.0014014688380866358,0.9670161438081472,0.005046801702986195,0.9038223996604511,0.006222972911459967,0.8244851522696169,0.008593356927391993,0.8313479525287878,0.010515218076659403,0.8216541240078463,0.009243900940609074,0.737757698670492,0.0077266937470727645,0.7413817818843798,0.012159166173303985,-0.0821682756526049,0.005969761337347324,0.7935768087406322,0.00902152607102097
multi_model,4,clip_dino_resnet_vit,CLIP + DINO + ResNet + ViT,clip + dino + resnet + vit,stacking,5,0.9963257401362415,0.00039777562558049215,0.9764432048750364,0.001435569021669933,0.9331016163203263,0.003120990997846256,0.8412383826059238,0.0034128680873736195,0.8465984482144296,0.0026579040247947587,0.8622312163515188,0.007718981910699262,0.7585681544625633,0.005815870203376226,0.7591783051898787,0.004046082383771558,-0.07087039996880762,0.0064526361563820665,0.8068289109261579,0.01506912506093116
multi_model,4,clip_dino_resnet_vit,CLIP + DINO + ResNet + ViT,clip + dino + resnet + vit,geometric,5,0.9948420926891502,0.0006868545571700121,0.9681303990825377,0.0028252380976011506,0.9285943230612762,0.005132795387610663,0.8329623461777331,0.0053041665923847,0.8391824600030249,0.005372511068535704,0.8652513512119435,0.008809935698011638,0.7641478012827911,0.006891959807841646,0.7694301242543224,0.007225324680919525,-0.06334297184933269,0.005138599232999447,0.7965815775811743,0.01213408670061131
multi_model,4,clip_dino_resnet_vit,CLIP + DINO + ResNet + ViT,clip + dino + resnet + vit,mean,5,0.9948929747336578,0.00048116849388624725,0.9685809870863107,0.00217975259290947,0.9223501037716432,0.0025522697158217008,0.8217085195139244,0.003837096087428932,0.8265466794050716,0.004748057308704931,0.8514424516701338,0.005591659233766992,0.7435461975190578,0.0032455541430504347,0.7436163679435104,0.007249292542260674,-0.07090765210150943,0.004831428005097028,0.7871967951423373,0.01077873666243343
multi_model,4,clip_dino_resnet_vit,CLIP + DINO + ResNet + ViT,clip + dino + resnet + vit,max,5,0.993363871228589,0.0008403388225463422,0.9664067642488277,0.004198470991697696,0.9159519515439751,0.004137629223648352,0.8274057830027426,0.005655288778143654,0.8351793001292162,0.0076808437897688845,0.837951449915096,0.007397808409039906,0.740855304017104,0.005982211079141383,0.7441900723110801,0.009738474157600728,-0.07800050162887913,0.006241216029975983,0.7540344249100348,0.013564449797590543
multi_model,4,clip_dino_resnet_mobilenet,CLIP + DINO + ResNet + MobileNet,clip + dino + resnet + mobilenet,stacking,5,0.9963044307996547,0.00045307816043919474,0.9765979248522356,0.0014939342321423823,0.9321309255252516,0.002696403916872712,0.8439457644259042,0.003572108681286647,0.8498528620775575,0.0038280430563716454,0.8591011384077584,0.007255379356181051,0.7610765772450219,0.004969071965698218,0.7632949539423113,0.0028625690470296013,-0.0730297871174932,0.0064793348409252285,0.8070763721639725,0.014696982208106819
multi_model,4,clip_dino_resnet_mobilenet,CLIP + DINO + ResNet + MobileNet,clip + dino + resnet + mobilenet,geometric,5,0.9950311218139609,0.0007560509011174041,0.9687804944253307,0.0032461018524115666,0.9301167630665022,0.004382634506101983,0.8383001643335696,0.00605442092232582,0.845307278597773,0.00626185662667492,0.8634783070326412,0.009144970442458876,0.7665419050602649,0.007521845267416909,0.7754065837608538,0.008088252023688913,-0.0666384560338609,0.006405744172185418,0.796757737752203,0.013263803371243452
multi_model,4,clip_dino_resnet_mobilenet,CLIP + DINO + ResNet + MobileNet,clip + dino + resnet + mobilenet,mean,5,0.9948027808216244,0.000650963749931468,0.9687506361841167,0.0026789478064093357,0.9208889283677733,0.0024425272178591785,0.8261647622659346,0.002505089305883746,0.8321187686122672,0.003044006195786373,0.8428294228932938,0.006110574513630041,0.7438407888011345,0.002839771014478979,0.7491467423165976,0.005357956826367448,-0.07805950547447955,0.005530524056792672,0.7878285271500372,0.010802248091529736
multi_model,4,clip_dino_resnet_mobilenet,CLIP + DINO + ResNet + MobileNet,clip + dino + resnet + mobilenet,max,5,0.9924706699428152,0.0012049526248763605,0.9636964502622776,0.005104796098213341,0.9110927990344987,0.004076542957559294,0.8271628551171496,0.005574362219787745,0.8365254458022428,0.007449406752479662,0.8296304737279186,0.008660430156850397,0.7410300801881867,0.005142539603527765,0.7476493909233404,0.011025151667647278,-0.08146232530658015,0.0070972683497545555,0.7426719116395265,0.008173837556552778
multi_model,4,clip_dino_vit_xception,CLIP + DINO + ViT + Xception,clip + dino + vit + xception,stacking,5,0.9959099840031446,0.00046178752528812334,0.9762857705122723,0.0015832949573750586,0.9284319951863347,0.0039238599434224305,0.8449823300191813,0.004838729092144802,0.8509579714722152,0.005176227489651383,0.858399989441524,0.010649997713807077,0.7614711976564604,0.008571818802920557,0.7628082168379274,0.007064396406892626,-0.0700320057448108,0.0072364723141262206,0.814537581340898,0.016921629199181953
multi_model,4,clip_dino_vit_xception,CLIP + DINO + ViT + Xception,clip + dino + vit + xception,geometric,5,0.9943076273025241,0.0007670199670903415,0.9664705523096029,0.003072689405060991,0.9292258631352555,0.005638502018047637,0.840641505493358,0.00561713918909011,0.8480541443578928,0.005870411103274837,0.8676690436052599,0.010189182115516233,0.771529071652734,0.010153631995381971,0.7778324208133591,0.010678093464935978,-0.06155681952999548,0.0057548932938766666,0.8069407081351198,0.013512698429025107
multi_model,4,clip_dino_vit_xception,CLIP + DINO + ViT + Xception,clip + dino + vit + xception,mean,5,0.9926897541378651,0.0006846870142192907,0.9613797221826375,0.0011695053135849093,0.9114335077902828,0.0037186054255318214,0.8279169208615695,0.002787563525942822,0.8365675060080185,0.0037831955644091536,0.8406290889480215,0.008407524380023441,0.7524839651107191,0.006222621708449717,0.7597227382557854,0.005905694169589817,-0.07080441884226141,0.004820645881258598,0.7979077644063056,0.011879063269123823
multi_model,4,clip_dino_vit_xception,CLIP + DINO + ViT + Xception,clip + dino + vit + xception,max,5,0.9917392616140728,0.0014186800315248206,0.9650780725148105,0.006067990185800706,0.9037016771901335,0.006124513167215377,0.82102590314762,0.0071990339172103525,0.8275968681641406,0.007862379361049998,0.8219370599951377,0.009479340297895066,0.7346567956602748,0.007019102568711897,0.7372787235528786,0.008337314337152261,-0.08176461719499573,0.005816986577556755,0.7894676283556694,0.008352432614608309
multi_model,5,top5_resnet_vit_mobilenet,Top 5 (CLIP+DINO+ResNet+ViT+MobileNet),clip + dino + resnet + vit + mobilenet,stacking,5,0.996322516616174,0.0004377734220703284,0.9766630701057931,0.0016876188820311147,0.9317689648601665,0.002637783142450271,0.8408756396093369,0.003963213422914651,0.8462170404220162,0.0033183270006714068,0.8596905011514286,0.007283982897960821,0.7584560338999817,0.005741621775879849,0.7594585390271666,0.004730432625004696,-0.0720784637087379,0.006320040710121448,0.8063757342325794,0.014578181301498011
multi_model,5,top5_resnet_vit_mobilenet,Top 5 (CLIP+DINO+ResNet+ViT+MobileNet),clip + dino + resnet + vit + mobilenet,geometric,5,0.994373127078368,0.0007050030751370967,0.9659412471244477,0.0028320486864900005,0.9253623870313549,0.004446829466343386,0.8315905181179135,0.0047700320607745594,0.8384220144870926,0.004710219886967305,0.8603234642287765,0.008147121456968276,0.7623769559267259,0.007113846124054565,0.7707168228935516,0.007084016075251005,-0.06503892280257854,0.0049363446246206664,0.7947517403269169,0.011213198953208053
multi_model,5,top5_resnet_vit_mobilenet,Top 5 (CLIP+DINO+ResNet+ViT+MobileNet),clip + dino + resnet + vit + mobilenet,mean,5,0.9942707517107726,0.0006043849324694576,0.967203436412125,0.0022804120411168255,0.9173381405635753,0.001913444613400994,0.824976504146812,0.0023571407625484564,0.8321388464348445,0.0031244131291603165,0.8423859137219347,0.005281160805353124,0.7447465470713999,0.0036366649921913486,0.7519859993321902,0.003849876647020311,-0.07495222684164056,0.004518291485327649,0.7837179474287568,0.010146754442973787
multi_model,5,top5_resnet_vit_mobilenet,Top 5 (CLIP+DINO+ResNet+ViT+MobileNet),clip + dino + resnet + vit + mobilenet,max,5,0.9922755181008152,0.0012686209724491963,0.9630599268473091,0.005288337857465591,0.9096820805272031,0.00399408939123719,0.8240641505493358,0.006762315786628501,0.8328119798074148,0.008823368246924555,0.8288411353918942,0.008852548815114058,0.7383589726678649,0.007335989543766018,0.7438061389769295,0.010946577948865674,-0.08084094513530889,0.007010916054286246,0.7427371565089006,0.008081442192733414
multi_model,5,top5_resnet_vit_xception,Top 5 (CLIP+DINO+ResNet+ViT+Xception),clip + dino + resnet + vit + xception,stacking,5,0.996241946751724,0.00040041933048087173,0.9764784918873802,0.0016118442830301814,0.9308818680229297,0.0031528017869381507,0.8432389651931608,0.0032294648424683187,0.8492027540242331,0.002940684853214604,0.8594595300174778,0.008659028194694598,0.7604247390723672,0.0059529957869925865,0.7623437133180518,0.004991203572038172,-0.07142233800545195,0.006609543870943628,0.8068026749973388,0.01482492676911542
multi_model,5,top5_resnet_vit_xception,Top 5 (CLIP+DINO+ResNet+ViT+Xception),clip + dino + resnet + vit + xception,geometric,5,0.9942764735106582,0.0007388844665041773,0.966534340370378,0.0026803767177561457,0.9259256072101509,0.005024744796168187,0.832644671250419,0.005401509680406869,0.8397806262017216,0.005439168855122069,0.8609993665741804,0.0087618046688815,0.7633970332019764,0.0069338963586789105,0.7717478202051768,0.006584692671134008,-0.06492624063597048,0.005278238672563267,0.794362835475831,0.010916967670430806
multi_model,5,top5_resnet_vit_xception,Top 5 (CLIP+DINO+ResNet+ViT+Xception),clip + dino + resnet + vit + xception,mean,5,0.9936884160196605,0.0006422107135073427,0.966694489118707,0.0022038038145176147,0.9124729279586334,0.0023379217150559743,0.8232606198508357,0.0036727220016241147,0.8307301726162514,0.00439573500663993,0.8374768955935059,0.006059203630737913,0.7420699434450692,0.006257057328440959,0.7496850145120193,0.00579133921562952,-0.07499603236512772,0.004318376045039269,0.7842330105845473,0.009512977858788659
multi_model,5,top5_resnet_vit_xception,Top 5 (CLIP+DINO+ResNet+ViT+Xception),clip + dino + resnet + vit + xception,max,5,0.9923203626309686,0.0011491568846166641,0.9649301385015235,0.004491116307848923,0.9037596890112376,0.0038204533957408556,0.8219151730998588,0.004814496320019755,0.8298036806455821,0.005310575860636558,0.8210601983812621,0.007996813023498955,0.7339346073307061,0.005445372809641256,0.7383652634696427,0.005584607088255214,-0.08269949062997554,0.004600200182640843,0.7518541385192608,0.012278773821191757
multi_model,6,all_6_models,Todos os 6 Modelos Robustos,clip + dino + vit + resnet + mobilenet + xception,stacking,5,0.9962911914600088,0.00042823682880413776,0.976668498876923,0.0017410950616084083,0.9308550416443369,0.0028418009393978727,0.8421595299730141,0.00465365003273603,0.8478241888773248,0.004240513445725205,0.8585915676887856,0.007852240854693701,0.759413455566731,0.0072278527200396485,0.7610024922837544,0.005955775338253192,-0.0722634739555514,0.00640240029318253,0.8064154688754573,0.014421108467534662
multi_model,6,all_6_models,Todos os 6 Modelos Robustos,clip + dino + vit + resnet + mobilenet + xception,geometric,5,0.9937924069818008,0.0007389124626941573,0.9642433989536044,0.002777198324393392,0.9226998127217853,0.004339647144758211,0.8296119199547121,0.0039472021667583375,0.8369766269116721,0.004082830295556318,0.8561660500366075,0.008066719534162409,0.7599762568220416,0.00698832159165342,0.7703360515194465,0.005934087988479214,-0.0665337626851776,0.004995634560999172,0.7931171658115582,0.010120611990955144
multi_model,6,all_6_models,Todos os 6 Modelos Robustos,clip + dino + vit + resnet + mobilenet + xception,mean,5,0.9931941299819975,0.0006774540353226625,0.9636123043097656,0.0016461900883092103,0.9103395965689739,0.001856284651993706,0.8215985973937465,0.004097682643283583,0.8305198961023462,0.004702719268081968,0.8326070470943858,0.005330778228079297,0.7400473764337966,0.005047429978810247,0.7520331398917454,0.005768706164317758,-0.07773254947458814,0.004027721568946029,0.7817210424352645,0.009118306211814434
multi_model,6,all_6_models,Todos os 6 Modelos Robustos,clip + dino + vit + resnet + mobilenet + xception,max,5,0.9916493113852173,0.0014137429288864248,0.9621017487429,0.00530650966635057,0.9029659239597887,0.003686894300141335,0.8221097352525735,0.005314664316847999,0.8316994214978346,0.006858769579612334,0.8195994131652962,0.008577894484589448,0.7350459199657042,0.006460032148598025,0.742658819627853,0.009994057243224694,-0.08336651079449246,0.005623740775717849,0.7420987337210406,0.007834957299674832
self_ensemble_5seeds,5,clip_5seeds,CLIP (ViT-B/16) (5 Seeds Canônicas),"clip [seeds: 987, 42, 123, 2024, 7]",mean,5,0.9887191737851415,0.0,0.9491731302972931,0.0,0.9213605548042969,0.0,0.8285159964165388,0.0,0.834548549429688,0.0,0.8617255218242679,0.0,0.7577371432340188,0.0,0.7542634146341464,0.0,-0.059635032980029035,0.0,0.8375605819065229,0.0
self_ensemble_5seeds,5,clip_5seeds,CLIP (ViT-B/16) (5 Seeds Canônicas),"clip [seeds: 987, 42, 123, 2024, 7]",geometric,5,0.9890168910714503,0.0,0.9494852846372563,0.0,0.9211124073999786,0.0,0.826103205878635,0.0,0.831571326668583,0.0,0.8622400428353826,0.0,0.7584241564851303,0.0,0.7557025344597599,0.0,-0.05887236456459599,0.0,0.8431991913267963,0.0
self_ensemble_5seeds,5,clip_5seeds,CLIP (ViT-B/16) (5 Seeds Canônicas),"clip [seeds: 987, 42, 123, 2024, 7]",stacking,5,0.9886950216379177,0.0,0.9494852846372563,0.0,0.9212085918366276,0.0,0.8243499480617982,0.0,0.8286114194700517,0.0,0.8612985980284941,0.0,0.7519937124547258,0.0,0.7446437666232811,0.0,-0.059909993808133555,0.0,0.8403091062331549,0.0
self_ensemble_5seeds,5,dino_5seeds,DINO (ConvNeXt-B) (5 Seeds Canônicas),"dino [seeds: 987, 42, 123, 2024, 7]",mean,5,0.9964113375623497,0.0,0.9764459192606014,0.0,0.937380688223515,0.0,0.844234859601972,0.0,0.8496761840102264,0.0,0.858419802972114,0.0,0.7577426393400276,0.0,0.7619721352197861,0.0,-0.07896088525140099,0.0,0.7967834009294132,0.0
self_ensemble_5seeds,5,dino_5seeds,DINO (ConvNeXt-B) (5 Seeds Canônicas),"dino [seeds: 987, 42, 123, 2024, 7]",geometric,5,0.9964833114308044,0.0,0.9759234000393586,0.0,0.9411294094658651,0.0,0.8581784805465328,0.0,0.8650912322894337,0.0,0.8652996966850028,0.0,0.7686414175556618,0.0,0.7757146282334763,0.0,-0.07582971278086226,0.0,0.8010855139955924,0.0
self_ensemble_5seeds,5,dino_5seeds,DINO (ConvNeXt-B) (5 Seeds Canônicas),"dino [seeds: 987, 42, 123, 2024, 7]",stacking,5,0.9962265939829625,0.0,0.9762830561267075,0.0,0.9364426800835025,0.0,0.8349244560229078,0.0,0.8388014362156041,0.0,0.8619096965045866,0.0,0.7518453175924857,0.0,0.7518562281882883,0.0,-0.07453298357891591,0.0,0.7823987117254263,0.0
self_ensemble_5seeds,5,vit_5seeds,Vision Transformer (ViT-B/16) (5 Seeds Canônicas),"vit [seeds: 987, 42, 123, 2024, 7]",mean,5,0.9600413440203451,0.0,0.8961747521426681,0.0,0.8393922861245641,0.0,0.737846735587836,0.0,0.7389643509954795,0.0,0.7804307082047293,0.0,0.680275025144685,0.0,0.6718784371457096,0.0,-0.05896157791983481,0.0,0.7312609097384793,0.0
self_ensemble_5seeds,5,vit_5seeds,Vision Transformer (ViT-B/16) (5 Seeds Canônicas),"vit [seeds: 987, 42, 123, 2024, 7]",geometric,5,0.960865875290739,0.0,0.8979594606515883,0.0,0.8403305228570155,0.0,0.738874507411499,0.0,0.7391010680651272,0.0,0.7808116771400062,0.0,0.6842816864251677,0.0,0.6788397888898828,0.0,-0.05951884571700927,0.0,0.7437284105592877,0.0
self_ensemble_5seeds,5,vit_5seeds,Vision Transformer (ViT-B/16) (5 Seeds Canônicas),"vit [seeds: 987, 42, 123, 2024, 7]",stacking,5,0.9604021717027937,0.0,0.897036569559523,0.0,0.839667894260755,0.0,0.7367530104920663,0.0,0.7369785231434958,0.0,0.7807385497889936,0.0,0.6790384012926841,0.0,0.6692718067212613,0.0,-0.05892934447176146,0.0,0.7340252498197704,0.0
self_ensemble_5seeds,5,resnet_5seeds,ResNet-18 (5 Seeds Canônicas),"resnet [seeds: 987, 42, 123, 2024, 7]",mean,5,0.9811752895919862,0.0,0.9328596730522587,0.0,0.8618539489094961,0.0,0.7661516815336334,0.0,0.7717528914447568,0.0,0.7781602228213874,0.0,0.695894958421958,0.0,0.7056501593280029,0.0,-0.08369372608810866,0.0,0.6799141510423444,0.0
self_ensemble_5seeds,5,resnet_5seeds,ResNet-18 (5 Seeds Canônicas),"resnet [seeds: 987, 42, 123, 2024, 7]",geometric,5,0.9793656453970381,0.0,0.9294259753126632,0.0,0.862610189320369,0.0,0.7618592227406882,0.0,0.7644305263329582,0.0,0.778775837757975,0.0,0.6942186460892458,0.0,0.7033822400409452,0.0,-0.08383435156239405,0.0,0.6837861797184555,0.0
self_ensemble_5seeds,5,resnet_5seeds,ResNet-18 (5 Seeds Canônicas),"resnet [seeds: 987, 42, 123, 2024, 7]",stacking,5,0.9812652986038961,0.0,0.9335043396239219,0.0,0.8612549926314506,0.0,0.7636839299356406,0.0,0.7679087115875612,0.0,0.7777746651182827,0.0,0.6934272068239652,0.0,0.7009307712104315,0.0,-0.0834803275131678,0.0,0.6774944219362824,0.0
self_ensemble_5seeds,5,mobilenet_5seeds,MobileNetV3-Large (5 Seeds Canônicas),"mobilenet [seeds: 987, 42, 123, 2024, 7]",mean,5,0.9565374454627894,0.0,0.8882080305096938,0.0,0.8427972840560618,0.0,0.757616228901823,0.0,0.7727139197971479,0.0,0.7581752679087637,0.0,0.6870187472175964,0.0,0.7136204538139684,0.0,-0.08462201614729814,0.0,0.7198473857777901,0.0
self_ensemble_5seeds,5,mobilenet_5seeds,MobileNetV3-Large (5 Seeds Canônicas),"mobilenet [seeds: 987, 42, 123, 2024, 7]",geometric,5,0.9551824814843608,0.0,0.8854189993417615,0.0,0.8420376692206626,0.0,0.7556761034806839,0.0,0.7700758241871916,0.0,0.7572379444345972,0.0,0.6863317339664847,0.0,0.7145179604924191,0.0,-0.08479972478606534,0.0,0.7236662884878912,0.0
self_ensemble_5seeds,5,mobilenet_5seeds,MobileNetV3-Large (5 Seeds Canônicas),"mobilenet [seeds: 987, 42, 123, 2024, 7]",stacking,5,0.9566861438713127,0.0,0.8886491181639896,0.0,0.8424397321993762,0.0,0.7552034383639191,0.0,0.7672522809694512,0.0,0.7577093142078763,0.0,0.6843146630612211,0.0,0.7054914628518689,0.0,-0.08473041799149983,0.0,0.7207934347565788,0.0
self_ensemble_5seeds,5,xception_5seeds,Xception (5 Seeds Canônicas),"xception [seeds: 987, 42, 123, 2024, 7]",mean,5,0.8581763406441215,0.0,0.774651710402204,0.0,0.7631541729452762,0.0,0.6987639257586,0.0,0.7424546432783712,0.0,0.6896362453844318,0.0,0.6529099133264082,0.0,0.7092235155444232,0.0,-0.07351792756084441,0.0,0.68271640337503,0.0
self_ensemble_5seeds,5,xception_5seeds,Xception (5 Seeds Canônicas),"xception [seeds: 987, 42, 123, 2024, 7]",geometric,5,0.8579446562265566,0.0,0.7744549174487491,0.0,0.7621145574421548,0.0,0.6972195199701012,0.0,0.7422617710906505,0.0,0.6890065231081534,0.0,0.6520195441529676,0.0,0.7114746627779803,0.0,-0.07310803433400148,0.0,0.6844983768186856,0.0
self_ensemble_5seeds,5,xception_5seeds,Xception (5 Seeds Canônicas),"xception [seeds: 987, 42, 123, 2024, 7]",stacking,5,0.8590489610928923,0.0,0.7752149454069204,0.0,0.762822501309371,0.0,0.6983297333838975,0.0,0.7439877609656896,0.0,0.6897561775621543,0.0,0.6526021313899103,0.0,0.7106629191881277,0.0,-0.07306632374721667,0.0,0.6793138683048143,0.0
mega_ensemble_30models,30,super_ensemble_30m,Super-Ensemble Robusto Global (30 Redes: 6 Arquiteturas x 5 Seeds),CLIP + DINO + ViT + ResNet + MobileNet + Xception (Todas 5 seeds),mean,5,0.9948369833757162,0.0,0.9677870293085782,0.0,0.9168912827167572,0.0,0.8252677977652833,0.0,0.8336559893680476,0.0,0.8392187812525831,0.0,0.7425019373773681,0.0,0.7540436254823214,0.0,-0.07767250146417415,0.0,0.7877228935294136,0.0
mega_ensemble_30models,30,super_ensemble_30m,Super-Ensemble Robusto Global (30 Redes: 6 Arquiteturas x 5 Seeds),CLIP + DINO + ViT + ResNet + MobileNet + Xception (Todas 5 seeds),geometric,5,0.9950944919790524,0.0,0.9675698784633864,0.0,0.9275700978559278,0.0,0.8382550962642967,0.0,0.8466976094849635,0.0,0.8621699917878013,0.0,0.7676850951101145,0.0,0.780795419776071,0.0,-0.06540010606812652,0.0,0.8011303253004596,0.0
mega_ensemble_30models,30,super_ensemble_30m,Super-Ensemble Robusto Global (30 Redes: 6 Arquiteturas x 5 Seeds),CLIP + DINO + ViT + ResNet + MobileNet + Xception (Todas 5 seeds),stacking,5,0.9982371477683376,0.0,0.9848537285478716,0.0,0.9426290695985544,0.0,0.858266418242675,0.0,0.8637213972414522,0.0,0.8752066664905686,0.0,0.7730273101507582,0.0,0.7725748272159044,0.0,-0.06742240310798586,0.0,0.8174424538397187,0.0
